凡人修仙传｜寻觅仙缘天道之路,7389.1
乱世枭雄,14743.2
程一电台,13158.9
盗墓笔记｜古墓探险经典扛鼎之作,20411.2
天津卫视·德云社相声晚会——开开心心年年好,2051.5
白眉大侠,25303.0
猴子警长探案记1-2季| 宝宝巴士故事,9375.4
《金牌喜剧班》郭德纲 陈佩斯 英达大咖齐亮相,1364.1
村里的嫂子们|乡野桃运|爽文,2576.1
御女心经｜乡村野事｜山村名医｜都市野情｜村火｜欲乱,48.5
神医龙婿丨最强兵王丨最佳女婿丨多人剧丨新品限免丨,123.0
你都1000级了，外面最高30级丨爆笑玄幻丨多人有声剧（全集）,87.3
婚后心动：凌总追妻有点甜,2390.4
我的极品女老师｜都市热血爽文神作（火热更新中）,124.3
穿越之最强驸马,137.2
重生后，嫡女她黑化了丨免费丨多播精品,2719.5
我的26岁女房客 | 免费多人精品有声剧,336.9
猴子警长探案记第1-4季|番外外传|侦探冒险|宝宝巴士,60.5
超级宝贝JoJo【全网热播】,24300.4
喜羊羊与灰太狼之遨游神秘洋,60.7
儿歌多多 儿歌多多经典儿歌,42642.7
儿童趣味小课堂 | 启蒙必听,8390.0
儿童歌曲大全100首,4952.2
米小圈上学记：一二三年级,44149.9
奇妙唱古诗,18155.8
兔小贝欢乐儿歌,671.3
经典名家名段1000首,11636.4
潮剧精彩选段 | 名家经典,11009.1
粤剧名家经典选段,9047.3
传统二人转戏合辑,2710.7
豫剧唱腔精选,10005.6
白眉大侠,25302.9
郭德纲.于谦相声《高清》,8.7
黄梅对唱 精品集,1284.3
郭德纲于谦相声2023超清版,62.6
抖音丨伤感语录,99.5
放不下你怎么放过自己：烟嗓情话,222.2
乘风｜男人眼中的女人,346.8
情感|天若有情天亦老,63.9
真心给了谁,13.6
夜色温柔,238.1
抖音文案小酒屋,19.5
那些超赞的语录文案,1203.0
情感|爱是一个人的等候,19.0
